date	k1_bd_pc	k1_bd_mob	k1_sg_pc	k1_sg_mob	k1_weixin	k1_media	k2_bd_pc	k2_bd_mob	k2_sg_pc	k2_sg_mob	k2_weixin	k2_media	k3_bd_pc	k3_bd_mob	k3_sg_pc	k3_sg_mob	k3_weixin	k3_media	k4_bd_pc	k4_bd_mob	k4_sg_pc	k4_sg_mob	k4_weixin	k4_media	k5_bd_pc	k5_bd_mob	k5_sg_pc	k5_sg_mob	k5_weixin	k5_media	k6_bd_pc	k6_bd_mob	k6_sg_pc	k6_sg_mob	k6_weixin	k6_media	k7_bd_pc	k7_bd_mob	k7_sg_pc	k7_sg_mob	k7_weixin	k7_media	k8_bd_pc	k8_bd_mob	k8_sg_pc	k8_sg_mob	k8_weixin	k8_media	k9_bd_pc	k9_bd_mob	k9_sg_pc	k9_sg_mob	k9_weixin	k9_media	k10_bd_pc	k10_bd_mob	k10_sg_pc	k10_sg_mob	k10_weixin	k10_media
2016/10/10	487	1369	553	1375	23665	457	68	160	127	263	0	0	184	104	20	51	32	16	NA	NA	9	41	0	0	270	859	310	475	0	2	97	277	92	151	0	7	91	125	52	88	0	14	159	326	258	392	1367	4	0	0	4	21	NA	0	459	305	89	55	0	0
2016/10/11	434	1168	579	1171	2129	182	83	135	136	276	0	0	193	112	13	64	295	18	NA	NA	11	55	0	0	248	855	284	388	1813	9	101	267	74	103	0	7	83	130	58	63	0	18	159	298	212	333	663	2	0	0	1	10	NA	0	343	304	83	49	0	1
2016/10/12	381	1080	867	1016	7913	131	66	139	384	189	0	0	187	91	59	90	0	11	NA	NA	10	34	0	0	274	841	294	426	0	16	102	219	64	95	0	3	78	101	78	76	86	20	163	265	220	312	517	1	0	0	6	3	NA	0	341	282	109	62	0	27
2016/10/13	319	1003	527	939	2537	108	66	121	147	197	0	0	198	101	19	70	0	0	NA	NA	9	32	0	0	288	844	300	379	0	8	97	208	89	71	0	8	78	110	80	64	0	14	146	267	240	335	497	1	0	0	6	1	NA	0	360	333	93	41	0	13
2016/10/14	321	988	574	897	1211	128	64	122	99	202	0	0	182	87	20	39	0	3	NA	NA	4	25	0	0	233	843	293	352	21	9	106	208	52	100	0	8	91	119	110	71	268	48	120	237	181	307	292	0	0	0	3	8	NA	0	299	299	70	42	0	7
2016/10/15	207	977	314	841	0	57	64	113	72	167	0	0	120	95	15	41	0	0	NA	NA	4	38	0	0	162	868	187	422	0	36	95	243	37	114	0	13	66	104	43	75	0	22	106	262	128	285	0	0	0	0	6	13	NA	0	150	204	35	43	1080	2
2016/10/16	215	977	228	1098	0	47	68	122	51	235	0	0	114	91	8	62	0	3	NA	NA	3	27	0	0	204	868	207	418	0	0	64	235	37	95	0	15	66	157	73	87	0	30	99	281	121	312	0	0	0	0	2	11	NA	0	121	200	32	46	0	1
2016/10/17	291	942	373	887	359	40	61	143	78	177	0	0	157	104	8	73	381	8	NA	NA	18	50	0	0	253	859	350	388	0	3	97	224	73	85	0	4	116	110	59	102	0	22	165	260	258	289	1070	4	0	0	6	4	NA	0	433	307	77	61	0	2
2016/10/18	315	965	548	934	0	30	76	159	86	177	0	0	157	118	14	49	0	2	NA	NA	10	39	0	0	290	856	313	419	0	1	97	205	83	75	0	10	78	112	291	45	1396	6	162	262	209	269	546	0	0	0	5	9	NA	0	416	336	86	65	0	0
2016/10/19	341	999	2960	995	4706	86	64	130	212	180	0	0	170	89	29	35	0	4	NA	NA	14	24	0	0	281	861	277	336	0	0	112	199	43	88	0	0	83	104	75	80	0	16	162	234	244	282	1321	2	0	0	6	17	NA	0	402	350	82	58	0	1
2016/10/20	288	966	651	942	2728	93	68	158	110	199	0	0	184	108	49	62	0	6	NA	NA	6	32	0	0	245	842	482	414	0	10	123	203	74	92	0	1	82	116	56	101	0	15	135	228	232	317	576	2	0	0	7	3	NA	0	405	340	95	63	0	5
2016/10/21	291	939	545	895	0	76	66	134	222	171	0	0	190	104	23	64	767	3	NA	NA	5	42	0	0	204	849	324	429	0	5	102	235	130	87	0	2	87	95	99	120	0	13	118	236	309	330	582	2	0	0	5	10	NA	0	369	377	83	45	0	3
2016/10/22	179	963	345	977	7672	75	59	143	87	218	0	0	131	89	5	52	0	1	NA	NA	6	30	0	0	184	870	218	452	0	1	78	267	39	93	0	0	74	112	56	75	0	12	93	243	156	302	0	2	0	0	1	8	NA	0	158	262	41	44	0	0
2016/10/23	172	939	233	1140	8669	35	61	113	45	198	0	0	114	95	18	57	0	0	NA	NA	7	29	0	0	191	871	181	430	0	0	82	267	25	121	0	0	66	125	35	91	0	6	129	264	132	304	37	0	0	0	2	13	NA	0	135	226	53	48	0	0
2016/10/24	256	951	412	791	1503	57	68	96	85	129	0	0	197	89	14	57	74	4	NA	NA	10	37	0	0	223	828	286	378	0	0	97	198	61	85	0	4	87	119	78	105	862	34	163	218	264	492	742	3	0	0	1	22	NA	0	388	332	109	69	0	10
2016/10/25	243	902	499	799	7183	47	74	115	109	173	0	0	183	82	52	67	0	7	NA	NA	9	33	0	0	222	768	255	365	0	3	99	161	40	62	0	1	82	95	89	76	0	9	140	228	207	608	736	13	0	0	7	10	NA	0	360	349	99	61	0	15
2016/10/26	276	910	482	797	5354	89	64	100	102	189	0	0	168	87	27	51	0	9	NA	NA	11	29	0	0	264	798	280	353	0	0	101	190	47	84	0	0	91	112	143	106	754	33	125	195	213	608	757	15	0	0	5	6	NA	0	406	383	113	69	0	50
2016/10/27	253	889	363	721	3599	15	61	113	98	166	0	0	179	76	11	34	0	4	NA	NA	9	37	0	0	234	773	244	353	0	5	89	208	49	81	0	0	95	112	76	102	0	2	142	223	186	482	348	5	0	0	4	18	NA	0	316	352	87	91	0	7
2016/10/28	242	885	299	784	52	29	68	106	61	166	0	0	187	80	17	44	5	0	NA	NA	6	30	0	0	175	773	254	343	229	1	101	191	30	89	0	0	74	116	80	84	0	6	123	219	185	574	425	1	0	0	6	10	NA	0	315	301	73	61	0	3
2016/10/29	193	891	434	770	0	25	64	128	80	189	0	0	135	82	13	39	0	2	NA	NA	8	35	0	0	166	773	203	446	0	2	76	195	24	87	0	0	59	123	35	50	0	3	131	242	119	648	0	0	0	0	2	6	NA	0	137	218	25	37	0	0
2016/10/30	163	891	333	835	0	8	61	121	61	196	0	0	101	91	4	46	0	0	NA	NA	2	33	0	0	175	826	168	370	0	0	66	186	41	85	0	0	66	99	55	118	0	1	93	215	114	633	0	0	0	0	1	4	NA	0	101	218	22	38	0	2
2016/10/31	260	873	387	777	0	17	64	113	92	184	0	0	172	91	13	30	0	1	NA	NA	14	27	0	0	245	737	271	376	358	0	89	169	47	63	0	0	80	89	86	86	47	7	127	212	216	524	752	0	0	0	5	8	NA	0	324	357	97	63	0	2
2016/11/1	208	859	346	831	4381	41	66	113	77	231	0	0	139	95	8	46	0	2	NA	NA	12	58	0	0	202	702	273	319	0	2	78	191	47	119	0	0	76	91	53	66	9	1	112	195	187	529	369	0	0	0	3	6	NA	0	254	299	75	55	0	2
2016/11/2	256	874	311	822	6222	43	0	108	79	183	0	0	162	87	17	18	0	0	NA	NA	6	45	0	0	190	726	315	318	0	0	83	202	34	87	0	22	85	106	69	60	0	2	139	225	179	495	467	0	0	0	7	10	NA	0	278	298	67	54	0	0
2016/11/3	233	869	379	694	38	35	72	106	80	162	0	0	159	87	4	28	0	0	NA	NA	12	41	0	0	200	815	317	311	0	5	80	182	44	83	0	2	74	97	87	100	798	15	140	213	246	259	932	0	0	0	1	8	NA	0	236	323	71	71	0	2
2016/11/4	208	861	277	736	3459	21	59	108	66	106	2052	0	125	95	6	34	698	0	NA	NA	9	20	0	0	207	832	208	339	8363	26	83	211	47	99	0	0	89	123	41	75	36	32	106	223	151	241	239	40	0	0	4	7	NA	0	228	262	75	35	0	2
2016/11/5	157	868	247	875	31109	8	63	109	61	252	0	0	131	85	8	74	0	0	NA	NA	9	40	0	0	150	821	188	367	7406	4	68	184	43	96	0	0	66	130	51	66	436	5	97	223	138	279	34	16	0	0	2	6	NA	0	106	200	18	44	0	0
2016/11/6	151	877	247	927	52864	7	64	130	50	254	0	0	118	87	3	50	0	0	NA	NA	7	39	0	0	170	832	164	462	0	1	78	266	31	72	46	0	64	123	95	84	0	7	91	229	138	282	0	17	57	135	4	7	NA	0	133	205	23	34	0	1
2016/11/7	226	848	446	710	8478	19	66	117	114	196	0	0	208	87	9	26	0	0	NA	NA	12	39	0	0	193	740	294	390	188	3	87	169	59	80	0	0	66	112	34	54	0	6	123	228	228	254	314	12	61	110	3	12	NA	0	316	313	70	46	0	0
2016/11/8	0	861	406	675	8182	7	0	110	119	173	0	0	0	91	13	28	0	3	NA	NA	9	38	0	0	0	784	249	310	0	3	0	180	46	86	0	0	0	123	78	129	0	7	0	198	176	218	533	5	0	91	1	14	NA	0	0	316	72	37	0	2
2016/11/9	0	842	325	593	11565	61	0	100	83	139	0	0	0	114	26	61	7	80	NA	NA	8	16	0	0	0	681	266	395	0	28	0	161	42	64	2141	35	0	112	78	107	0	31	0	211	198	216	649	8	0	110	10	6	NA	0	0	262	76	46	0	0
2016/11/10	182	784	305	553	8641	54	66	97	65	145	0	0	148	66	9	31	0	21	NA	NA	4	29	0	0	166	593	194	232	886	6	78	155	37	100	9273	13	78	99	38	48	0	30	106	190	155	168	308	5	59	89	6	5	NA	0	313	270	72	44	0	0
2016/11/11	180	837	242	484	0	22	66	100	45	114	0	0	123	82	4	16	0	3	NA	NA	9	37	0	0	173	605	255	215	11733	34	91	180	37	53	23	3	66	80	46	80	24	37	106	186	191	198	573	5	63	95	6	6	NA	0	262	237	62	31	0	1
2016/11/12	175	869	221	776	0	10	63	100	54	181	0	0	95	82	6	33	0	3	NA	NA	5	23	0	0	187	759	244	303	0	11	80	166	38	77	0	1	72	106	75	114	319	16	85	223	164	326	0	0	0	115	4	7	NA	0	148	193	17	46	0	1
2016/11/13	159	885	281	735	0	7	57	118	70	195	0	0	95	85	17	37	0	3	NA	NA	10	45	0	0	169	780	197	424	0	4	76	200	31	100	0	1	80	102	31	54	0	8	91	239	136	333	0	0	59	105	3	7	NA	0	114	194	31	44	0	0
2016/11/14	245	885	555	865	0	37	68	115	71	219	0	0	159	76	24	53	0	0	NA	NA	19	34	0	0	197	713	289	362	965	22	91	184	47	62	0	0	70	89	74	108	0	14	102	211	236	463	1324	9	64	100	9	9	NA	0	301	301	98	48	0	0
2016/11/15	361	989	496	905	5544	28	78	134	94	233	0	0	169	83	5	23	1141	2	NA	NA	13	26	0	0	223	845	361	437	0	30	106	228	69	109	0	0	102	125	111	173	0	14	188	380	312	897	807	19	61	109	6	18	NA	0	336	312	91	62	0	1
2016/11/16	264	892	541	939	198	581	70	126	75	302	0	0	163	91	11	13	0	3	NA	NA	7	26	0	0	180	796	295	374	0	5	112	200	53	99	0	2	83	99	83	76	484	20	125	234	265	596	615	17	64	102	3	7	NA	0	335	291	82	42	0	0
2016/11/17	225	845	398	736	12	223	61	113	78	216	0	0	168	80	18	13	0	0	NA	NA	4	43	0	0	200	685	269	293	0	5	91	184	59	89	0	1	82	119	99	92	0	17	140	204	191	606	1366	9	64	105	4	4	NA	0	282	257	85	48	0	1
2016/11/18	237	855	324	635	61	92	66	102	79	155	0	0	172	76	6	35	0	0	NA	NA	3	25	0	0	176	659	223	344	0	15	93	178	37	94	0	1	70	110	108	114	27	22	129	198	209	532	846	1	68	91	5	6	NA	0	309	278	72	61	0	0
2016/11/19	180	887	311	676	2924	77	57	134	58	156	0	0	123	85	8	19	0	1	NA	NA	2	25	0	0	152	598	130	334	1	12	72	171	24	97	0	0	80	104	36	53	0	2	120	202	118	576	0	0	59	110	2	10	NA	0	165	183	23	27	0	0
2016/11/20	179	890	243	884	0	98	59	102	58	270	0	0	125	91	4	37	0	0	NA	NA	2	45	0	0	144	770	225	415	0	17	74	211	43	68	0	0	68	99	32	85	52	4	89	225	105	643	30	0	57	108	5	3	NA	0	110	179	21	24	0	0
2016/11/21	239	907	445	733	0	187	63	117	91	182	0	0	183	82	6	39	0	0	NA	NA	15	26	0	0	176	812	299	320	0	8	95	181	73	58	0	0	93	89	78	65	0	5	108	223	182	474	269	2	59	89	5	3	NA	0	412	344	111	57	0	0
2016/11/22	218	883	437	716	1035	86	68	113	70	139	0	0	205	74	6	27	0	5	NA	NA	16	36	0	0	194	575	215	334	138	1	89	165	57	70	0	0	93	95	69	92	0	4	131	169	231	478	523	22	59	91	2	2	NA	0	316	245	83	41	0	0
2016/11/23	204	841	679	757	0	203	72	89	160	368	0	0	215	70	11	20	0	3	NA	NA	8	17	0	0	179	610	224	207	0	1	83	155	35	32	424	0	68	89	84	56	0	4	121	191	340	404	545	198	59	83	3	2	NA	0	305	270	85	37	0	0
2016/11/24	216	861	583	515	0	143	72	87	68	158	0	0	186	112	43	46	0	16	NA	NA	8	14	0	0	176	596	265	243	0	5	95	160	50	44	0	1	78	82	105	81	0	11	108	182	154	417	303	79	57	93	10	2	NA	0	284	229	58	33	0	0
2016/11/25	191	843	317	432	872	111	64	102	56	102	0	0	170	110	86	63	0	50	NA	NA	3	20	0	0	150	480	251	260	0	2	78	173	81	81	0	0	82	85	75	70	512	33	120	179	159	408	522	7	59	83	4	6	NA	0	243	236	65	38	0	0
2016/11/26	146	847	337	508	0	42	0	96	52	96	0	0	154	121	23	158	0	10	NA	NA	3	19	0	0	129	628	192	335	22918	17	74	178	26	64	0	0	70	87	130	93	0	13	78	188	131	459	1	0	59	91	2	1	NA	0	110	169	22	22	0	0
2016/11/27	142	837	172	591	2307	4	59	102	45	113	0	0	83	108	16	80	0	1	NA	NA	0	29	0	0	158	651	196	267	0	2	72	160	34	52	0	0	59	121	118	80	49	3	82	198	115	223	0	1	0	100	0	5	NA	0	112	148	27	26	0	0
2016/11/28	211	844	287	527	2871	50	61	109	67	127	16	0	173	89	43	64	0	111	NA	NA	8	24	0	0	188	588	288	273	1247	11	74	150	85	67	0	0	70	91	50	49	0	12	142	197	195	541	446	7	57	93	7	5	NA	0	336	279	103	40	0	16
2016/11/29	191	780	320	535	0	32	57	104	65	128	0	0	144	82	12	25	0	37	NA	NA	9	31	0	0	165	514	258	282	0	1	82	172	62	49	716	0	87	123	74	88	0	11	91	173	200	486	550	25	59	93	5	7	NA	0	341	295	100	70	0	36
2016/11/30	183	703	287	562	5558	244	64	100	76	117	0	0	139	104	18	30	0	4	NA	NA	5	26	0	0	161	557	194	268	0	0	82	184	52	98	0	0	74	91	49	49	0	4	112	183	156	478	727	6	59	93	10	5	NA	0	326	285	73	57	0	5
2016/12/1	195	756	428	589	3820	190	64	96	73	141	0	0	152	82	14	34	0	1	NA	NA	5	20	0	0	187	605	224	334	0	24	82	189	22	53	572	0	95	91	87	56	0	1	121	173	187	464	854	2	57	86	0	6	NA	0	296	285	58	38	0	0
2016/12/2	183	803	413	587	17118	116	66	118	82	149	0	0	101	83	4	23	0	14	NA	NA	10	21	0	0	144	604	245	339	553	6	68	165	44	31	0	8	68	95	60	48	0	12	112	179	370	469	775	2	0	84	3	6	NA	0	240	274	65	54	0	0
2016/12/3	155	848	197	654	2122	25	66	100	63	166	0	0	102	89	3	16	0	7	NA	NA	4	26	0	0	144	775	196	301	462	2	74	176	32	74	0	0	64	89	43	77	0	37	89	207	277	522	0	0	61	100	5	3	NA	0	139	216	48	28	0	0
2016/12/4	151	872	227	713	10353	34	63	118	57	173	0	0	83	83	14	30	0	15	NA	NA	3	38	0	0	146	747	190	376	0	1	82	228	31	73	0	3	63	116	87	97	0	89	93	207	158	530	0	1	0	95	4	3	NA	0	110	237	42	43	0	0
2016/12/5	207	848	377	487	1178	69	74	82	86	128	0	0	139	85	14	21	0	17	NA	NA	8	24	0	0	194	690	286	482	0	5	74	195	82	61	0	0	72	95	73	35	72	174	114	193	200	292	203	3	63	115	5	4	NA	0	318	295	89	46	0	1
2016/12/6	205	825	294	566	1	37	76	113	95	104	0	0	114	87	8	22	0	22	NA	NA	7	21	0	0	172	634	253	368	0	1	89	189	57	50	0	2	70	99	94	80	0	62	123	183	175	228	269	7	63	104	6	10	NA	0	265	313	71	38	0	0
2016/12/7	184	783	295	459	12035	33	74	106	64	109	0	0	155	99	9	24	0	1	NA	NA	8	12	0	0	179	695	296	377	0	0	91	159	71	136	0	2	70	119	98	39	0	21	127	207	213	325	856	2	66	105	5	5	NA	0	312	330	75	55	0	0
2016/12/8	212	848	308	466	1658	25	57	87	85	94	0	0	135	101	137	71	0	1	NA	NA	7	41	0	0	162	688	330	316	0	1	93	180	65	84	0	6	83	89	76	54	0	49	104	226	268	308	1033	5	59	105	7	5	NA	0	321	273	98	60	0	0
2016/12/9	183	783	337	454	1606	21	61	97	82	126	0	0	140	87	38	23	0	0	NA	NA	6	23	0	0	173	659	333	294	0	3	74	181	42	73	0	1	61	104	88	98	126	12	114	205	321	248	337	3	72	104	7	1	NA	0	265	290	87	54	0	0
2016/12/10	127	844	227	692	0	10	63	100	44	210	0	0	95	91	11	24	0	2	NA	NA	1	21	0	0	123	756	233	417	0	0	76	195	30	85	0	0	61	119	95	92	0	5	102	242	178	281	10	0	63	100	4	5	NA	0	125	226	45	41	0	0
2016/12/11	135	842	256	661	0	14	57	100	55	174	0	0	101	97	11	26	0	5	NA	NA	9	38	0	0	135	659	234	355	0	1	64	193	33	70	0	6	66	123	55	66	0	9	91	213	151	268	0	0	0	122	4	12	NA	0	102	195	31	19	0	0
2016/12/12	190	748	384	577	1485	468	66	91	75	184	0	0	152	83	14	31	16	2	NA	NA	9	39	0	0	154	651	338	379	2602	27	83	178	71	64	0	0	59	102	104	84	0	9	123	191	175	215	789	12	57	110	2	4	NA	0	312	323	104	60	0	0
2016/12/13	180	794	347	576	1545	282	64	106	73	145	0	0	151	74	13	18	0	16	NA	NA	4	37	0	0	180	581	365	397	0	4	76	177	39	94	0	1	63	102	88	72	0	282	104	200	209	264	356	18	59	83	3	11	NA	0	315	302	97	47	0	0
2016/12/14	193	717	317	592	645	156	68	91	81	188	0	0	182	83	16	19	0	4	NA	NA	9	31	0	0	152	591	264	419	0	8	76	168	65	80	155	1	72	110	106	84	0	125	106	205	179	226	872	22	64	102	3	7	NA	0	307	313	87	39	0	0
2016/12/15	207	712	307	514	0	65	63	85	72	153	0	0	133	83	12	37	0	2	NA	NA	8	25	0	0	135	596	287	357	1985	1	82	172	58	65	0	1	68	95	74	87	0	67	89	188	198	219	468	4	61	102	3	5	NA	0	299	276	110	71	0	0
2016/12/16	175	695	253	509	9132	30	57	89	64	156	0	0	155	82	13	16	0	7	NA	NA	5	17	0	0	158	590	275	374	0	4	64	163	32	107	0	0	64	106	69	78	0	54	87	190	190	237	523	0	61	78	2	9	NA	0	268	295	86	35	0	0
2016/12/17	148	846	195	540	5481	5	61	100	36	125	0	0	120	87	17	20	0	0	NA	NA	2	25	0	0	108	656	135	405	0	1	64	189	29	72	0	0	61	99	83	97	0	1	95	176	111	318	0	0	59	100	5	4	NA	0	129	242	47	33	0	0
2016/12/18	175	840	181	650	0	3	59	118	45	143	0	0	121	97	9	22	0	0	NA	NA	3	23	0	0	120	752	188	359	0	1	68	160	37	71	0	0	57	89	60	80	0	0	83	208	136	275	0	0	57	122	3	10	NA	0	95	218	40	22	0	0
2016/12/19	212	791	358	573	26	17	61	113	72	130	0	0	186	74	10	26	0	0	NA	NA	7	31	0	0	173	765	302	310	0	2	83	199	56	69	0	0	64	87	31	76	883	7	112	180	168	259	379	1	61	93	5	11	NA	0	333	316	120	41	0	1
2016/12/20	200	847	381	555	586	24	68	97	67	122	0	0	170	91	23	20	14	1	NA	NA	9	32	0	0	188	644	280	362	0	3	72	157	52	115	0	0	66	91	61	57	4683	16	118	182	165	359	716	2	63	83	8	9	NA	0	299	291	113	34	0	2
2016/12/21	177	733	258	594	1266	39	61	109	50	105	0	0	188	87	3	19	0	4	NA	NA	10	29	0	0	159	628	259	353	345	4	89	161	69	84	0	2	61	78	86	93	4	15	91	200	182	342	772	4	63	93	5	7	NA	0	264	278	92	31	0	0
2016/12/22	211	864	355	693	3699	117	64	134	94	155	0	0	186	78	12	21	805	3	NA	NA	7	15	0	0	170	685	296	364	0	0	72	184	36	71	0	5	74	95	71	60	0	31	106	270	247	584	663	4	61	97	7	19	NA	0	287	301	90	33	0	0
2016/12/23	197	748	281	526	0	196	64	100	75	103	0	0	166	78	6	56	5	0	NA	NA	7	10	0	0	133	546	234	363	2210	6	89	177	37	76	0	2	64	83	112	107	0	72	108	201	202	393	624	29	70	74	10	10	NA	0	279	268	85	52	0	0
2016/12/24	159	669	208	463	0	71	66	100	45	92	0	0	121	87	10	32	0	0	NA	NA	4	23	0	0	108	567	131	261	0	0	66	173	22	57	0	0	59	95	93	88	0	11	101	223	108	280	0	0	63	74	1	5	NA	0	129	179	23	33	0	0
2016/12/25	165	826	186	612	56	45	59	132	54	155	0	0	137	89	16	26	0	1	NA	NA	5	31	0	0	106	667	177	363	0	0	76	177	24	77	0	1	61	99	88	97	0	17	95	222	108	297	0	2	0	100	5	10	NA	0	148	193	30	23	0	2
2016/12/26	183	791	293	534	12950	69	59	91	73	110	0	0	176	97	7	24	0	0	NA	NA	2	27	0	0	154	586	260	270	0	3	82	135	68	64	0	0	82	91	43	70	38	35	97	186	203	265	373	3	63	110	7	11	NA	0	319	330	58	44	0	0
2016/12/27	193	755	272	567	12	58	64	110	47	139	0	0	184	89	6	47	0	13	NA	NA	5	26	0	0	157	605	221	347	0	0	74	184	40	101	0	0	64	101	178	133	0	70	102	219	176	235	780	1	57	93	4	5	NA	0	298	281	96	51	0	0
2016/12/28	215	825	292	599	475	26	63	118	69	133	0	0	201	108	17	26	0	4	NA	NA	9	30	0	0	139	550	241	298	0	1	74	169	41	79	0	2	72	123	35	61	0	10	112	188	177	302	688	2	61	95	5	13	NA	0	259	228	52	39	0	0
2016/12/29	195	674	302	508	0	97	59	110	88	108	0	0	157	83	8	27	0	6	NA	NA	10	17	0	0	127	551	214	296	12	15	82	155	43	39	0	9	61	95	38	32	0	45	104	180	152	197	725	22	57	100	3	12	NA	0	267	254	56	29	0	2
2016/12/30	183	659	290	491	3588	33	68	82	61	105	0	0	146	85	13	25	0	1	NA	NA	4	20	0	0	140	482	222	281	148	2	76	142	49	71	1752	0	61	123	144	150	0	20	95	163	139	199	433	2	57	79	2	16	NA	0	226	226	66	51	0	0
2016/12/31	110	670	112	436	0	38	59	78	31	75	0	0	120	82	3	29	0	1	NA	NA	2	19	0	0	106	536	92	248	4	8	63	157	22	27	395	2	64	97	57	56	0	9	72	186	94	194	0	5	0	83	2	3	NA	0	80	146	18	22	0	0
2017/1/1	114	773	141	603	0	20	61	91	22	123	0	0	101	85	2	24	0	2	NA	NA	2	33	0	0	97	515	98	289	12	4	72	165	12	128	53	1	61	119	31	60	0	12	85	231	62	222	0	2	57	97	7	9	NA	0	89	159	17	24	0	1
2017/1/2	165	846	211	690	3	11	61	104	34	158	3	0	120	87	1	26	0	1	NA	NA	5	16	0	0	110	717	130	375	3	2	64	198	48	79	0	0	66	112	119	144	0	6	68	228	96	224	0	0	0	95	4	7	NA	0	110	184	27	29	0	0
2017/1/3	219	852	292	768	3	28	72	117	84	186	3	0	187	83	3	28	0	8	NA	NA	11	30	0	0	182	659	214	335	850	5	89	181	67	75	0	0	64	144	76	79	0	8	123	183	187	279	1443	1	66	91	6	12	NA	0	296	295	95	49	0	0
2017/1/4	219	848	275	739	0	23	72	106	64	166	0	0	179	83	5	79	17	9	NA	NA	3	26	0	0	179	692	194	342	57	6	74	169	56	65	0	0	66	163	300	75	0	4	116	211	172	290	1226	5	61	95	5	16	NA	0	290	295	92	53	0	1
2017/1/5	211	845	385	676	1722	47	72	106	71	160	822	0	205	85	8	67	5	15	NA	NA	7	22	0	0	157	620	214	365	24	19	78	151	73	90	18419	8	74	130	598	153	0	5	110	186	177	242	912	14	57	100	3	11	NA	0	265	305	81	42	0	0
2017/1/6	200	743	297	690	182	35	64	121	90	127	0	0	163	82	8	31	0	4	NA	NA	10	22	0	0	158	624	205	334	1074	17	78	148	52	70	2131	5	68	104	375	50	11	21	108	195	158	199	507	2	59	91	2	11	NA	0	257	301	73	35	0	0
2017/1/7	140	847	163	616	46	21	63	109	40	136	0	0	140	89	5	20	0	1	NA	NA	1	32	0	0	112	638	162	393	16	10	61	173	35	66	0	2	64	89	211	49	135	5	87	215	128	228	86	1	59	105	5	10	NA	0	125	198	25	31	0	1
2017/1/8	139	847	151	676	0	4	0	113	41	148	0	0	129	74	5	18	0	0	NA	NA	1	29	0	0	154	605	138	355	3	2	82	150	37	33	0	2	57	110	313	152	342	5	78	207	79	227	0	3	0	95	4	18	NA	0	108	195	24	37	0	0
2017/1/9	176	815	336	644	873	47	68	126	91	114	0	0	131	78	17	22	0	1	NA	NA	6	16	0	0	140	545	242	318	0	14	70	165	111	61	0	4	68	108	293	110	503	17	95	169	299	215	604	8	57	102	4	11	NA	0	267	301	63	48	0	1
2017/1/10	183	716	229	571	518	103	66	104	59	129	1	0	182	99	8	20	0	7	NA	NA	6	28	0	0	159	476	191	312	0	30	70	165	38	60	0	13	66	112	233	37	79	19	89	177	139	154	492	7	57	89	4	13	NA	0	291	262	94	27	0	3
2017/1/11	177	780	257	551	1065	40	64	97	46	100	6	0	139	87	8	22	0	5	NA	NA	5	18	0	0	150	NA	202	349	12	1	76	139	24	56	0	3	70	123	300	101	4	8	104	161	118	170	447	3	63	78	6	5	NA	0	284	293	73	41	0	0
2017/1/12	161	716	232	617	5333	135	63	106	75	109	0	0	139	83	8	35	0	1	NA	NA	6	14	0	0	135	NA	164	273	1164	9	68	155	30	67	0	3	74	91	236	58	0	2	99	190	121	203	665	7	57	91	5	11	NA	0	242	223	59	38	0	3
2017/1/13	172	743	225	556	360	32	63	108	82	112	276	0	137	80	8	20	0	1	NA	NA	3	16	0	0	140	NA	166	239	50	3	66	165	21	72	0	7	63	112	214	49	0	8	87	169	107	245	339	0	64	100	7	8	NA	0	237	242	79	38	0	0
2017/1/14	123	719	197	637	69	10	66	102	46	102	65	0	112	91	3	18	0	3	NA	NA	3	24	0	0	108	NA	135	311	0	3	66	168	24	25	0	4	64	85	270	118	0	5	70	179	81	184	69	1	57	84	4	8	NA	0	97	194	18	26	0	0
2017/1/15	114	750	170	740	92	2	61	115	41	137	0	0	104	82	2	20	0	0	NA	NA	4	23	0	0	123	NA	137	369	0	0	66	169	19	55	0	0	66	102	264	110	25	0	74	172	71	161	1	0	0	105	4	7	NA	0	114	158	32	18	0	0
2017/1/16	161	703	195	592	10487	37	70	97	41	120	0	0	157	68	7	18	0	4	NA	NA	9	24	0	0	155	NA	191	268	2025	9	68	155	30	45	0	7	80	87	190	82	5	14	108	173	109	163	177	3	68	100	3	13	NA	0	259	267	71	46	0	2
2017/1/17	161	765	257	701	1631	308	64	91	72	101	0	0	175	87	2	31	0	4	NA	NA	2	25	0	0	146	NA	197	320	143	5	61	161	16	68	0	3	78	95	106	34	0	9	93	162	107	238	288	3	63	95	5	7	NA	0	243	231	76	33	0	1
2017/1/18	161	722	179	560	335	211	61	113	49	116	0	0	131	87	7	16	0	1	NA	NA	2	14	0	0	127	NA	171	204	0	12	70	135	26	68	0	9	76	85	168	85	0	19	101	154	96	186	405	8	59	89	2	4	NA	0	274	268	81	40	0	3
2017/1/19	212	852	261	617	41169	482	64	109	56	108	0	0	125	82	4	30	0	20	NA	NA	4	15	0	0	133	NA	156	216	0	38	70	155	21	35	0	30	74	119	202	73	38	166	82	144	105	146	357	15	57	80	1	10	NA	0	274	262	51	41	0	9
2017/1/20	155	748	215	440	29341	116	63	91	38	77	0	0	139	78	12	15	0	8	NA	NA	5	11	0	0	118	NA	129	214	0	1	74	139	22	33	0	4	68	97	219	35	776	29	89	140	88	150	218	0	59	89	5	7	NA	0	264	242	64	44	0	0
2017/1/21	146	712	113	538	1556	51	64	104	33	102	0	0	83	74	1	15	0	30	NA	NA	1	3	0	0	83	NA	93	251	0	1	57	148	12	36	0	0	63	104	227	75	1	20	70	142	64	112	15	0	63	74	1	2	NA	0	121	198	24	28	0	0
2017/1/22	142	670	170	515	0	45	59	74	29	83	0	0	137	85	145	62	0	2	NA	NA	1	11	0	0	112	NA	105	206	0	2	59	133	17	36	0	4	70	87	283	126	2	15	72	172	75	186	610	0	57	83	3	9	NA	0	211	250	47	23	0	0
2017/1/23	144	733	153	497	198	72	61	85	37	70	0	0	129	78	17	31	0	6	NA	NA	0	18	0	0	106	NA	82	211	0	0	59	139	19	42	0	3	66	106	214	16	0	57	97	142	72	168	523	0	59	80	2	5	NA	0	207	229	41	46	0	0
2017/1/24	116	740	133	503	109	28	61	91	25	74	0	0	114	76	8	16	0	6	NA	NA	1	17	0	0	118	NA	97	188	0	0	64	144	21	37	0	1	68	91	269	111	0	13	89	168	63	185	72	0	0	83	2	4	NA	0	176	198	41	30	0	0
2017/1/25	139	755	124	515	0	28	0	87	21	95	0	0	106	87	3	16	0	1	NA	NA	1	18	0	0	93	NA	72	264	0	0	63	139	12	55	0	0	63	83	211	96	0	12	82	158	37	147	1	1	0	83	3	7	NA	0	155	195	24	16	0	0
2017/1/26	106	734	65	586	210	32	63	85	17	99	0	0	74	68	1	16	0	0	NA	NA	0	20	0	0	82	NA	59	213	0	2	59	151	17	99	0	2	0	87	188	33	0	8	66	151	52	140	0	1	57	78	1	4	NA	0	72	161	15	29	0	0
2017/1/27	76	560	59	422	25	8	59	78	13	65	0	0	64	70	2	16	0	1	NA	NA	1	6	0	0	74	NA	42	150	0	3	63	121	6	28	0	0	57	68	174	18	0	0	63	112	16	136	0	1	57	74	1	6	NA	0	0	127	4	10	0	0
2017/1/28	89	823	63	622	0	4	57	89	15	90	0	0	68	74	4	21	0	0	NA	NA	1	14	0	0	74	NA	63	248	0	1	59	181	7	27	0	1	61	121	248	103	0	5	63	170	36	166	0	0	59	83	1	8	NA	0	64	108	7	14	0	0
2017/1/29	114	859	108	700	0	17	64	106	41	94	0	0	80	82	3	26	0	0	NA	NA	1	38	0	0	80	NA	67	288	0	0	0	151	13	67	0	0	63	89	200	47	0	1	57	188	33	182	0	0	57	89	2	9	NA	0	80	121	12	13	0	0
2017/1/30	93	858	86	764	0	3	57	97	34	107	0	0	85	72	15	22	0	0	NA	NA	1	16	0	0	74	NA	66	273	0	0	57	202	13	62	0	0	61	97	201	33	0	0	63	175	54	231	0	0	59	91	4	11	NA	0	63	137	9	16	0	0
2017/1/31	118	898	91	899	0	3	57	106	24	154	0	0	72	72	6	23	0	0	NA	NA	1	30	0	0	97	NA	87	314	0	1	59	195	19	64	0	0	57	139	245	51	0	2	70	211	64	245	0	0	59	104	3	5	NA	0	61	129	2	23	0	0
2017/2/1	121	923	88	946	54	6	0	115	30	140	0	0	99	106	6	21	0	2	NA	NA	2	87	0	0	118	NA	88	324	0	0	57	199	12	68	0	0	66	101	206	92	0	0	66	213	74	241	0	1	57	100	2	11	NA	0	82	129	21	19	0	0
2017/2/2	102	938	154	930	15	34	0	126	52	127	0	0	104	95	6	36	0	0	NA	NA	2	25	0	0	114	NA	93	387	0	0	68	219	26	91	0	0	59	99	161	39	0	9	80	237	81	275	0	0	61	138	1	3	NA	0	78	142	12	21	0	0
2017/2/3	215	961	329	1108	0	152	59	143	108	235	0	0	144	83	3	30	0	1	NA	NA	4	27	0	0	140	NA	205	414	0	0	80	269	41	60	0	0	66	123	220	108	0	1	93	220	150	262	0	0	63	130	6	4	NA	0	186	257	64	46	0	0
2017/2/4	237	962	316	1100	6	131	57	134	86	228	0	0	155	91	16	35	0	1	NA	NA	3	33	0	0	159	NA	234	409	0	0	72	243	54	147	0	0	78	123	265	120	0	1	120	213	158	331	0	0	61	113	12	7	NA	0	220	248	56	31	0	0
2017/2/5	169	980	303	1156	746	30	66	145	78	198	0	0	110	83	5	13	0	0	NA	NA	9	35	0	0	152	NA	211	495	0	0	80	215	43	105	0	0	74	121	214	102	0	0	101	223	126	326	0	0	61	126	11	9	NA	0	140	211	34	31	0	0
2017/2/6	281	949	327	1047	2404	219	61	130	80	168	0	0	165	95	8	34	0	11	NA	NA	9	43	0	0	172	NA	262	597	0	19	72	238	99	98	0	7	93	121	210	110	0	21	118	213	241	360	799	4	0	126	10	15	NA	0	330	333	92	48	0	4
2017/2/7	291	955	378	1089	1521	105	66	122	79	168	0	0	202	95	8	44	0	7	NA	NA	11	43	0	0	202	NA	358	532	0	6	83	245	64	109	0	6	76	110	232	155	3593	22	116	223	193	386	80	1	63	126	11	19	NA	0	305	301	90	34	0	1
2017/2/8	216	927	455	944	4875	116	68	118	133	127	0	0	239	120	109	78	221	40	NA	NA	9	44	0	0	190	NA	254	446	568	42	87	243	64	98	0	0	82	112	155	65	2347	72	110	201	192	277	521	2	63	108	12	13	NA	0	332	316	117	61	0	2
2017/2/9	218	895	409	846	1263	71	70	130	116	127	0	0	154	99	43	33	47	15	NA	NA	10	34	0	0	200	NA	263	384	60	7	99	238	38	82	0	0	82	106	203	132	7	72	123	200	157	309	796	3	59	135	8	9	NA	0	285	279	103	51	0	2
2017/2/10	187	885	342	749	59	66	59	126	67	97	0	0	157	95	26	30	0	4	NA	NA	6	36	0	0	170	NA	275	412	169	27	87	219	52	92	0	2	80	112	235	119	0	4	127	207	178	338	621	7	59	102	5	12	NA	0	291	319	91	52	0	3
2017/2/11	155	871	167	834	846	42	61	122	35	104	0	0	93	72	9	20	685	10	NA	NA	3	28	0	0	114	NA	163	405	583	1	0	189	41	80	185	0	61	104	157	45	0	0	80	218	85	292	227	1	64	110	4	8	NA	0	101	186	43	27	0	0
2017/2/12	154	931	229	938	2	15	63	122	52	140	0	0	102	83	9	31	527	7	NA	NA	5	54	0	0	154	NA	182	557	0	0	70	231	63	92	0	1	66	123	170	128	0	4	87	234	108	303	0	0	66	117	2	12	NA	0	114	200	30	28	0	0
2017/2/13	234	888	297	840	1	26	61	117	57	153	0	0	161	99	14	85	0	3	NA	NA	4	49	0	0	187	NA	285	407	0	7	95	228	49	72	0	0	74	114	210	80	0	10	137	211	212	304	650	34	64	104	14	13	NA	0	333	350	112	72	0	0
2017/2/14	209	872	585	868	9787	70	63	122	315	133	0	0	144	87	12	87	0	0	NA	NA	4	35	0	0	157	NA	280	448	0	1	95	291	52	117	0	0	76	104	239	129	25	4	104	194	194	373	1520	15	61	104	6	18	NA	0	265	290	92	47	0	0
2017/2/15	209	879	505	769	3815	48	59	122	163	116	0	0	165	95	23	64	0	5	NA	NA	7	36	0	0	194	NA	306	479	0	0	97	239	59	91	0	0	70	116	233	30	7	19	116	208	205	258	526	37	59	105	6	8	NA	0	257	341	102	50	0	0
2017/2/16	228	883	358	712	1072	87	66	126	83	106	0	0	193	112	20	42	0	24	NA	NA	6	33	0	0	198	NA	329	431	0	4	104	205	72	87	0	5	70	125	261	46	0	13	114	188	203	290	1000	14	63	102	6	4	NA	0	295	380	111	53	0	0
2017/2/17	211	870	286	783	2181	67	63	134	73	130	1	0	228	102	19	34	48	11	NA	NA	7	38	0	0	191	NA	275	376	0	8	72	243	59	84	0	0	74	130	242	81	196	9	97	223	152	276	577	36	61	113	6	13	NA	0	262	299	91	45	0	0
2017/2/18	142	882	252	816	21518	13	63	126	80	135	0	0	129	101	18	35	14	6	NA	NA	3	34	0	0	158	NA	214	525	0	2	72	212	34	123	0	2	74	139	240	115	141	13	99	236	113	306	57	3	0	130	1	6	NA	0	127	243	30	18	0	0
2017/2/19	183	894	201	837	881	44	63	113	66	114	0	0	131	82	14	45	0	8	NA	NA	4	42	0	0	116	NA	190	582	0	1	70	243	52	140	0	1	87	119	231	64	32	1	82	245	98	318	1	9	57	119	7	7	NA	0	131	248	34	47	0	0
2017/2/20	268	865	363	799	1393	123	66	163	73	122	0	0	169	89	15	34	0	5	NA	NA	4	29	0	0	180	NA	300	520	0	12	83	180	48	100	0	1	87	123	198	75	63	19	121	208	156	331	777	14	61	113	12	22	NA	0	394	336	122	72	0	1
2017/2/21	257	878	365	713	1	55	68	143	87	87	0	0	201	91	23	37	0	10	NA	NA	2	62	0	0	198	NA	292	451	0	6	82	203	51	88	0	5	80	108	223	86	4	11	101	186	169	327	503	14	0	132	4	4	NA	0	375	426	156	64	0	0
2017/2/22	222	878	372	728	8427	45	61	184	109	97	0	0	166	101	15	55	63	36	NA	NA	4	37	0	0	202	NA	282	427	0	16	82	178	46	80	0	0	101	102	311	158	0	34	102	190	201	303	1302	11	57	105	5	3	NA	0	332	307	111	62	0	0
2017/2/23	222	881	480	750	4021	79	59	148	154	82	0	0	170	91	11	45	34	0	NA	NA	6	32	0	0	218	NA	370	476	0	6	91	208	47	146	0	6	82	106	228	52	31	121	112	219	177	274	557	22	63	109	2	11	NA	0	268	333	82	49	0	0
2017/2/24	194	849	326	735	2207	71	64	143	77	116	0	0	127	87	13	47	0	0	NA	NA	5	32	0	0	205	NA	256	529	124	48	80	184	49	88	135	0	108	99	219	110	6	44	104	157	148	256	520	7	57	102	1	6	NA	0	239	276	82	61	0	0
2017/2/25	151	859	198	905	1438	124	57	130	57	163	0	0	112	91	13	76	0	3	NA	NA	0	18	0	0	173	NA	186	508	64	77	80	203	25	99	85	1	64	110	225	110	0	22	102	236	97	334	64	3	0	100	1	15	NA	0	112	212	24	50	0	0
2017/2/26	151	857	234	812	2469	44	64	164	81	148	0	0	110	87	11	24	0	3	NA	NA	0	35	0	0	159	NA	228	476	0	15	66	227	25	113	0	7	68	138	267	116	0	6	89	254	112	294	1	60	57	130	3	11	NA	0	120	234	33	35	0	0
2017/2/27	209	882	407	823	25739	79	64	177	98	127	0	0	131	97	16	32	0	7	NA	NA	4	33	0	0	212	NA	290	442	13	5	80	203	87	81	64	0	74	104	244	88	0	65	104	240	147	246	990	27	59	110	5	6	NA	0	291	347	97	73	0	0
2017/2/28	231	875	352	776	5338	94	64	143	110	111	0	0	146	80	14	27	0	8	NA	NA	3	21	0	0	205	NA	289	472	14	21	76	186	75	66	25	6	70	106	240	75	0	28	123	211	163	238	629	32	61	NA	3	15	NA	0	267	284	88	62	0	1
2017/3/1	222	861	425	882	7455	93	64	152	89	122	0	0	129	82	9	21	0	5	NA	NA	1	26	0	0	223	NA	271	492	7477	13	91	212	88	94	333	1	89	130	295	146	0	23	127	225	169	321	375	42	59	NA	2	22	NA	0	304	383	113	93	0	0
2017/3/2	202	853	336	687	7406	29	59	154	88	103	0	0	150	95	10	34	0	6	NA	NA	2	33	0	0	165	NA	335	565	920	10	78	180	88	68	331	0	68	104	269	95	913	41	114	198	164	343	632	7	66	NA	3	8	NA	0	251	307	60	49	0	0
2017/3/3	198	859	388	755	1036	52	59	151	94	123	0	0	137	97	21	35	0	4	NA	NA	3	36	0	0	207	NA	322	400	161	7	70	198	98	141	65	0	80	132	292	72	717	53	116	197	181	296	662	5	59	NA	2	12	NA	0	188	295	74	54	0	0
2017/3/4	177	863	351	977	3151	38	61	198	77	172	0	0	97	91	16	34	0	5	NA	NA	3	42	0	0	165	NA	232	501	71	1	74	219	72	94	0	2	66	141	286	123	138	18	87	267	121	342	78	6	57	NA	3	28	NA	0	118	213	29	44	0	0
2017/3/5	120	891	288	797	939	24	63	203	83	138	0	0	106	99	11	39	0	3	NA	NA	3	21	0	0	142	NA	244	478	0	0	61	205	73	100	0	0	66	144	221	39	0	8	74	262	109	277	0	1	0	NA	2	14	NA	0	104	213	33	29	0	0
2017/3/6	207	862	335	747	31	50	61	184	81	145	0	0	148	82	16	22	0	8	NA	NA	8	27	0	0	191	NA	323	422	23	5	80	195	142	97	196	1	74	116	278	81	0	16	131	219	169	239	603	22	59	NA	2	7	NA	0	278	338	80	57	0	0
2017/3/7	223	865	394	712	1129	55	61	197	110	154	0	0	151	89	13	39	0	5	NA	NA	3	29	0	0	184	NA	276	517	6	3	80	202	97	144	142	1	64	138	228	77	0	18	114	262	141	211	453	14	61	NA	1	10	NA	0	260	307	76	53	0	0
2017/3/8	173	791	367	737	280	58	59	177	94	144	0	0	116	99	5	39	0	5	NA	NA	2	24	0	0	186	NA	269	454	0	11	72	191	94	58	33	3	82	114	280	81	0	13	118	220	150	189	678	21	0	NA	5	9	NA	0	251	240	68	46	0	0
2017/3/9	193	844	390	686	1	52	59	186	107	133	0	0	135	104	14	42	0	4	NA	NA	5	27	0	0	177	NA	284	480	0	14	85	208	114	83	0	2	80	102	180	84	65	75	118	259	184	271	467	5	57	NA	3	10	NA	0	270	254	103	61	0	1
2017/3/10	170	857	385	705	1824	37	57	180	104	109	1	0	148	102	8	23	0	5	NA	NA	7	53	0	0	152	NA	201	572	0	6	78	195	104	88	0	3	95	123	260	93	17	14	97	225	162	260	336	6	57	NA	3	16	NA	0	256	237	59	43	0	1
2017/3/11	159	880	304	856	1396	28	61	192	70	155	0	0	114	116	6	36	0	7	NA	NA	0	36	0	0	151	NA	211	516	0	4	70	224	118	161	0	1	72	116	292	127	0	24	91	251	109	272	19	3	0	NA	2	25	NA	0	114	194	41	24	0	0
2017/3/12	125	903	262	890	66	16	57	227	65	164	0	0	123	106	4	34	0	0	NA	NA	2	38	0	0	144	NA	242	516	45679	5	74	243	83	115	0	1	76	125	229	75	0	15	101	276	112	301	0	1	57	NA	0	10	NA	0	101	208	27	30	0	0
2017/3/13	212	890	657	844	704	184	61	220	302	161	0	0	186	102	14	76	0	4	NA	NA	2	40	0	0	179	NA	289	488	78658	5	110	202	151	146	0	1	74	135	206	78	0	23	114	250	180	232	468	1	59	NA	1	20	NA	0	340	281	86	40	0	0
2017/3/14	200	890	353	816	576	77	63	239	96	151	0	0	135	91	5	30	0	8	NA	NA	5	49	0	0	165	NA	318	496	12875	13	78	211	100	88	0	10	68	135	213	79	0	30	108	228	163	247	648	20	59	NA	1	8	NA	0	281	299	97	64	0	0
2017/3/15	204	929	397	773	2274	174	59	212	119	160	0	0	159	95	5	33	0	8	NA	NA	6	22	0	0	162	NA	297	513	51	10	83	215	86	100	229	5	70	135	174	61	0	32	114	229	181	225	966	10	64	NA	5	4	NA	0	281	270	93	66	0	0
2017/3/16	223	909	427	848	1750	124	74	195	123	140	0	0	163	89	6	21	0	3	NA	NA	2	34	0	0	218	NA	324	498	3370	16	80	205	104	136	34	7	85	144	213	59	0	36	101	236	179	236	930	5	63	NA	7	15	NA	0	268	268	76	63	0	1
2017/3/17	257	937	472	954	1700	40	78	256	118	237	0	0	182	95	10	31	0	2	NA	NA	5	40	0	0	245	NA	548	451	0	4	140	239	92	91	0	9	85	151	199	49	628	62	142	307	282	300	662	11	61	NA	1	15	NA	0	285	248	79	49	0	0
2017/3/18	179	967	340	1111	945	58	78	232	97	224	0	0	114	78	10	37	0	9	NA	NA	2	44	0	0	190	NA	463	489	0	1	121	287	104	88	0	0	76	144	207	72	1453	28	91	392	233	481	85	4	63	NA	3	14	NA	0	125	179	40	32	0	1
2017/3/19	163	978	501	1141	96	43	78	260	94	195	0	0	112	118	18	33	0	0	NA	NA	2	52	0	0	205	NA	460	706	0	0	151	303	108	93	0	1	74	155	237	91	0	8	101	326	195	473	0	3	57	NA	2	18	NA	0	116	215	25	37	0	0
2017/3/20	218	934	518	962	38538	59	97	212	154	146	0	0	151	95	3	61	0	2	NA	NA	3	28	0	0	310	NA	636	545	0	5	186	224	127	130	0	4	125	127	214	84	0	28	142	248	274	408	452	11	59	NA	1	12	NA	0	354	319	110	47	0	0
2017/3/21	223	920	396	966	22270	103	80	189	93	143	11871	0	142	87	12	26	0	8	NA	NA	1	30	0	1	239	NA	480	547	0	11	191	205	139	121	0	9	97	119	233	69	0	33	116	248	262	321	537	11	59	NA	1	6	NA	0	313	329	98	56	0	0
2017/3/22	212	935	449	975	4886	200	91	181	136	139	4683	0	165	97	14	52	0	15	NA	NA	4	49	0	0	291	NA	562	459	11	6	169	195	156	111	0	19	101	121	266	52	0	58	123	234	278	294	545	22	61	NA	1	22	NA	0	301	267	112	48	0	0
2017/3/23	231	917	589	747	17	300	83	176	289	150	0	0	182	91	22	49	26	100	NA	NA	2	48	0	1	262	NA	526	495	2	24	148	228	127	105	0	27	110	121	228	90	0	88	123	229	281	288	467	35	59	NA	5	6	NA	0	237	225	68	45	0	0
2017/3/24	195	926	378	929	1761	63	85	205	155	159	0	0	219	177	81	146	9595	144	NA	NA	11	38	0	0	299	NA	510	481	0	1	152	198	117	148	0	5	110	112	214	95	0	16	102	222	263	288	494	2	61	NA	3	23	NA	0	265	223	89	25	0	0
2017/3/25	150	918	332	934	1019	51	70	229	129	145	853	0	99	106	7	60	3106	25	NA	NA	0	29	0	0	202	NA	390	551	0	1	95	224	66	96	0	8	76	147	222	87	0	2	93	274	147	259	73	5	57	NA	2	15	NA	0	101	190	30	15	0	0
2017/3/26	155	955	332	1032	158	42	72	220	118	167	158	0	82	102	8	55	1042	12	NA	NA	0	27	0	0	180	NA	399	491	0	4	95	243	83	99	0	1	80	132	155	71	0	32	70	245	150	266	0	4	57	NA	2	36	NA	0	93	205	17	16	0	0
2017/3/27	218	908	474	821	1537	137	82	208	143	147	0	0	127	102	16	29	2219	148	NA	NA	6	25	0	0	307	NA	531	475	589	16	137	208	125	126	0	10	106	119	178	90	175	73	125	236	233	228	917	11	57	NA	4	20	NA	0	299	319	115	48	2342	50
2017/3/28	190	914	472	710	603	219	80	211	146	111	0	0	135	108	32	31	392	243	NA	NA	22	24	0	0	257	NA	511	466	690	15	112	186	87	65	0	22	99	99	238	50	36	71	121	231	190	280	416	22	59	NA	11	12	NA	0	245	248	92	65	243	17
2017/3/29	225	935	401	893	1817	147	76	232	141	153	0	0	150	82	7	26	23	97	NA	NA	9	28	0	0	222	NA	507	477	30	34	129	189	99	68	0	20	102	123	260	41	0	71	97	254	202	252	635	20	57	NA	1	17	NA	0	231	287	84	39	0	49
2017/3/30	212	905	438	814	1772	196	89	235	151	147	0	0	163	82	7	33	52	110	NA	NA	3	25	0	1	239	NA	563	464	10	51	150	232	100	112	0	33	87	116	237	69	0	69	116	240	254	261	664	24	63	NA	2	18	NA	0	236	264	93	49	0	20
2017/3/31	184	870	331	740	30	90	82	208	100	142	0	0	118	91	15	9	11	59	NA	NA	4	25	0	0	240	NA	418	421	71	13	112	191	97	88	0	17	80	134	180	44	2	29	110	188	141	240	742	14	57	NA	2	9	NA	0	208	256	79	38	0	11
2017/4/1	179	867	269	687	20667	156	91	195	89	116	0	0	129	95	8	25	0	58	NA	NA	2	24	0	0	212	NA	494	372	8	22	137	180	65	65	0	22	85	102	167	49	0	71	101	208	211	231	744	14	59	NA	5	13	NA	0	168	188	51	34	0	3
2017/4/2	127	898	192	834	3447	16	66	178	58	137	0	0	85	95	5	27	0	14	NA	NA	3	31	0	0	155	NA	361	366	0	2	91	204	38	95	0	11	74	104	447	56	0	17	76	213	107	238	74	5	0	NA	2	9	NA	0	68	125	11	17	0	1
2017/4/3	140	907	168	954	20	38	64	198	64	179	0	0	89	87	0	30	0	2	NA	NA	7	33	0	0	162	NA	298	446	0	3	91	212	60	101	0	2	83	132	546	44	0	20	85	242	120	252	0	18	0	NA	0	11	NA	0	59	137	12	23	0	8
2017/4/4	157	933	224	1017	2	27	76	229	61	187	0	0	95	97	92	35	0	25	NA	NA	0	38	0	0	176	NA	378	454	0	5	102	202	25	84	0	7	63	116	534	100	0	9	89	279	126	286	12	10	63	NA	2	8	NA	0	82	166	28	17	0	10
2017/4/5	281	924	426	994	0	109	97	219	144	199	0	0	186	104	27	62	0	25	NA	NA	4	46	0	1	254	NA	606	502	0	22	142	211	98	88	0	8	83	123	580	122	0	28	123	253	181	280	649	17	59	NA	4	27	NA	0	273	288	86	42	0	0
